"source"	"target"	"group_sub"	"group"	"ftalign_similarity"	"delta_m.z"	"source_fp_uniq"	"target_fp_uniq"	"facet_c"	"norm_delta_group"	"norm_delta_group_sub"	"sub_similarity"
496	279	496	279	0.47	-4.031	"source:56,508"	"target:341,515,962,971"	"Iridoids and derivatives"	7.89894	-7.55257	0.714792258102598
4786	279	4786	279	0.45	-20.026	"source:476,1708,4768,8329,8758"	"target:341,944,958,962,1101,1127"	"Iridoids and derivatives"	7.89894	-6.43872	0.692295344571541
2533	279	2533	279	0.41	-22.042	"source:56,427,476,510,1708,4768"	"target:341,720,958,962,1127,1195"	"Iridoids and derivatives"	7.89894	-6.36433	0.633771113837575
3773	279	3773	279	0.44	-2.016	"source:"	"target:341"	"Iridoids and derivatives"	7.89894	-6.35809	0.727286192845326
495	458	495	458	0.42	-162.053	"source:31,36,110,117,329,335,336,337,411,418,437,454,481,484,487,709,875,895,1004,1138,1189,1190,1229,1695,1698,1902,4568,4835,4836,5107,5423,6225,6580,6677,6869,6965,6988,7089,7120,7303,7312,7350,7413,7491,7572,7639,7640,7760,7840,7968,8083,8104,8252,8270,8273,8422,8463,8521,8568,8605,8609,8657,8661,8684,8730"	"target:59,427,1147"	"Iridoids and derivatives"	-8.19487	7.21245	0.782780857762214
659	574	659	574	0.43	25.979	"source:30,510,2565"	"target:33,720,1107,4833,6981"	"Iridoids and derivatives"	7.3205	-7.0031	0.656220598841861
4786	574	4786	574	0.41	25.979	"source:8758"	"target:33,457,944,4833,6981"	"Iridoids and derivatives"	7.3205	-6.43872	0.692295344571541
3733	2227	3733	2227	0.41	-90.032	"source:474,909,1069,1192,1268"	"target:2932,4848,5105,8400"	"Iridoids and derivatives"	6.40694	-5.29198	0.524744909535073
